{"cameraMode":{"drawMode":0,"name":"Shaded","section":"Shading Mode"},"sceneLighting":false,"audioPlay":false,"sceneViewState":{"showFog":true,"showMaterialUpdate":true,"showSkybox":false,"showFlares":true,"showImageEffects":true,"showParticleSystems":true},"in2DMode":false,"pivot":{"x":40.998016357421878,"y":0.9318116307258606,"z":-9.028939247131348},"rotation":{"x":0.21611660718917848,"y":-0.5036035180091858,"z":0.13176023960113526,"w":0.8260251879692078},"size":1.9286832809448243,"orthographic":false}