{"cameraMode":{"drawMode":0,"name":"Shaded","section":"Shading Mode"},"sceneLighting":false,"audioPlay":false,"sceneViewState":{"showFog":true,"showMaterialUpdate":true,"showSkybox":false,"showFlares":true,"showImageEffects":true,"showParticleSystems":true},"in2DMode":false,"pivot":{"x":40.94941711425781,"y":6.3071370124816898,"z":-9.958657264709473},"rotation":{"x":0.3235255479812622,"y":0.5574402213096619,"z":-0.24953803420066834,"w":0.7227193117141724},"size":1.4406812191009522,"orthographic":false}