{"cameraMode":{"drawMode":0,"name":"Shaded","section":"Shading Mode"},"sceneLighting":true,"audioPlay":false,"sceneViewState":{"showFog":true,"showMaterialUpdate":true,"showSkybox":true,"showFlares":true,"showImageEffects":true,"showParticleSystems":true},"in2DMode":false,"pivot":{"x":58.5430908203125,"y":-0.8188743591308594,"z":0.5281431674957275},"rotation":{"x":0.6566725373268127,"y":0.0022626779973506929,"z":-0.0019691253546625377,"w":0.7541763782501221},"size":30.523841857910158,"orthographic":false}