{"cameraMode":{"drawMode":0,"name":"Shaded","section":"Shading Mode"},"sceneLighting":false,"audioPlay":false,"sceneViewState":{"showFog":true,"showMaterialUpdate":true,"showSkybox":false,"showFlares":true,"showImageEffects":true,"showParticleSystems":true},"in2DMode":false,"pivot":{"x":40.951229095458987,"y":6.277087688446045,"z":-10.232677459716797},"rotation":{"x":0.32169726490974429,"y":0.6220881342887878,"z":-0.311627596616745,"w":0.6421887874603272},"size":1.140681266784668,"orthographic":false}